	 {"LayName": "Curve3", "LayWidth": 100.000000, "LayHeight": 100.000000, "LayID": 28103, "ParentID": 0, "LayIn": 0.00, "LayDur": 4.13, "CompIn": 0.00, "CompDur": 4.13, "Normalization": false,
		"SourcePath": null,
		"Version": "16020472",
			 	"Marker": { 
				 }, 
				 "AnchorPoint": { 
					"X": 0.50, "Y": 0.50, "Z": 0.00
					 }, 
				 "Position": { 
					"Type":[ 4.00 , 4.00 , 4.00 , 4.00 ],
					"Time":[ 1.27 , 2.24 , 3.09 , 3.93 ],
					"X":[ 0.00 , 141.79 , -119.68 , -489.02 ],
					"Y":[ 0.00 , -106.69 , 25.66 , -381.21 ],
					"Z":[ -300.75 , -396.63 , -639.62 , -1268.97 ],
					"InTanX":[ 59.34 , -64.61 , 221.37 , -0.30 ],
					"InTanY":[ 16.18 , -1.22 , 91.76 , 2.47 ],
					"InTanZ":[ 133.06 , 89.59 , 155.11 , 3.59 ],
					"OutTanX":[ -35.98 , 78.89 , -100.88 , 0.30 ],
					"OutTanY":[ -9.81 , 1.49 , -41.81 , -2.47 ],
					"OutTanZ":[ -80.68 , -109.40 , -70.68 , -3.59 ]
				}
,				 "Scale": { 
					"Type":[ 0.00 , 0.00 , 0.00 ],
					"Time":[ 0.00 , 1.75 , 3.03 ],
					"X":[ 40.00 , 60.00 , 100 ],
					"Y":[ 40.00 , 60.00 , 100 ],
					"Z":[ 40.00 , 60.00 , 100 ],
					"InTanX":[ 0.00 , 0.00 , 0.00 ],
					"InTanY":[ 0.00 , 0.00 , 0.00 ],
					"InTanZ":[ 0.00 , 0.00 , 0.00 ],
					"OutTanX":[ 0.00 , 0.00 , 0.00 ],
					"OutTanY":[ 0.00 , 0.00 , 0.00 ],
					"OutTanZ":[ 0.00 , 0.00 , 0.00 ]
				}
,				 "Orientation": { 
					"Type":[ 0.00 , 0.00 , 0.00 , 0.00 , 0.00 , 0.00 , 0.00 ],
					"Time":[ 1.27 , 1.80 , 2.23 , 2.43 , 2.60 , 2.83 , 3.10 ],
					"X":[ 160.3 , 177.3 , 168.27 , 158.27 , 158.27 , 158.27 , 158.27 ],
					"Y":[ 8.00 , 7.2 , 25.18 , 94.18 , 115.2 , 155.82 , 197.82 ],
					"Z":[ 122.00 , 135.28 , 94.28 , 83.28 , 83.28 , 83.28 , 83.28 ],
					"InTanX":[ 0.00 , 0.00 , 0.00 , 0.00 , 0.00 , 0.00 , 0.00 ],
					"InTanY":[ 0.00 , 0.00 , 0.00 , 0.00 , 0.00 , 0.00 , 0.00 ],
					"InTanZ":[ 0.00 , 0.00 , 0.00 , 0.00 , 0.00 , 0.00 , 0.00 ],
					"OutTanX":[ 0.00 , 0.00 , 0.00 , 0.00 , 0.00 , 0.00 , 0.00 ],
					"OutTanY":[ 0.00 , 0.00 , 0.00 , 0.00 , 0.00 , 0.00 , 0.00 ],
					"OutTanZ":[ 0.00 , 0.00 , 0.00 , 0.00 , 0.00 , 0.00 , 0.00 ]
				}
	}
