	 {"LayName": "right2", "LayWidth": 100.000000, "LayHeight": 100.000000, "LayID": 28192, "ParentID": 19473, "LayIn": 4.43, "LayDur": 4.10, "CompIn": 0.00, "CompDur": 4.10, "Normalization": false,
		"SourcePath": null,
		"Version": "130952573",
			 	"Marker": { 
				 }, 
				 "AnchorPoint": { 
					"X": 0.0, "Y": 0.5, "Z": 0.00
					 },
				 "YRotation": { 
					"Type":[ 0.00 , 0.00 , 0.00 , 0.00 , 0.00 , 0.00 , 0.00 , 0.00 , 0.00 , 0.00 , 0.00 , 0.00 , 0.00 ],
					"Time":[ 0 , 0.30 , 0.70 , 1.03 , 1.43 , 1.77 , 2.17 , 2.50 , 2.90 , 3.23 , 3.63 , 3.97 , 4.37 ],
					"Val":[ -89.00 , 87.00 , -89.00 , 87.00 , -89.00 , 87.00 , -89.00 , 87.00 , -89.00 , 87.00 , -89.00 , 87.00 , -89.00 ],
					"InTanX":[ 0.00 , 0.00 , 0.00 , 0.00 , 0.00 , 0.00 , 0.00 , 0.00 , 0.00 , 0.00 , 0.00 , 0.00 , 0.00 ],
					"OutTanX":[ 0.00 , 0.00 , 0.00 , 0.00 , 0.00 , 0.00 , 0.00 , 0.00 , 0.00 , 0.00 , 0.00 , 0.00 , 0.00 ]
				}
,				 "Opacity": {
                    "Type":[ 0.00 , 0.00 , 0.00 , 0.00 ],
					"Time":[ 0.00 , 0.67 , 1.43 , 4.37 ],
					"Val":[ 0.00 , 100.00 , 100.00 , 0.00 ],
					"InTanX":[ 0.00 , 0.00 , 0.00 , 0.00 ],
					"OutTanX":[ 0.00 , 0.00 , 0.00 , 0.00 ]
					 } 
	}
