	 {"LayName": "Lens", "LayWidth": 0.000000, "LayHeight": 0.000000, "LayID": 18174, "ParentID": 0, "LayIn": 0.00, "LayDur": 18.83, "CompIn": 0.00, "CompDur": 18.83, "Normalization": false,
		"SourcePath": null,
		"Version": "040750913",
			 	"Marker": { 
				 }, 
				 "AnchorPoint": { 
					"X": 1.#J, "Y": 1.#J, "Z": 0.00
					 }, 
				 "Position": { 
					"X": 173.50, "Y": 243.75, "Z": 0.00
					 }, 
				 "Scale": { 
					"Type":[ 0.00 , 0.00 , 0.00 , 0.00 ],
					"Time":[ 10.17 , 10.33 , 11.33 , 11.50 ],
					"X":[ 100.00 , 120.00 , 120.00 , 100.00 ],
					"Y":[ 100.00 , 120.00 , 120.00 , 100.00 ],
					"Z":[ 100.00 , 100.00 , 100.00 , 100.00 ],
					"InTanX":[ 0.00 , 0.00 , 0.00 , 0.00 ],
					"InTanY":[ 0.00 , 0.00 , 0.00 , 0.00 ],
					"InTanZ":[ 0.00 , 0.00 , 0.00 , 0.00 ],
					"OutTanX":[ 0.00 , 0.00 , 0.00 , 0.00 ],
					"OutTanY":[ 0.00 , 0.00 , 0.00 , 0.00 ],
					"OutTanZ":[ 0.00 , 0.00 , 0.00 , 0.00 ]
				}
,				 "Rotation": { 
					"Val": 0.00
					 }, 
				 "Opacity": { 
					"Val": 100.00
					 } 
	}
