	 {"LayName": "LensZoom", "LayWidth": 100.000000, "LayHeight": 100.000000, "LayID": 18175, "ParentID": 0, "LayIn": 0.00, "LayDur": 0.5, "CompIn": 10.17, "CompDur": 0.5, "Normalization": false,
		"SourcePath": null,
		"Version": "131059367",
			 	"Marker": { 
				 },
				 "Scale": { 
					"Type":[ 0.00 , 0.00 , 0.00 , 0.00 , 0.00 , 0.00 ],
					"Time":[ 0.085 , 0.165 , 0.25 , 0.335 , 0.415 , 0.5 ],
					"X":[ 100.00 , 120.00 , 105.00 , 110.00 , 105.00 , 100.00 ],
					"Y":[ 100.00 , 120.00 , 105.00 , 110.00 , 105.00 , 100.00 ],
					"Z":[ 100.00 , 100.00 , 100.00 , 100.00 , 100.00 , 100.00 ],
					"InTanX":[ 0.00 , 0.00 , 0.00 , 0.00 , 0.00 , 0.00 ],
					"InTanY":[ 0.00 , 0.00 , 0.00 , 0.00 , 0.00 , 0.00 ],
					"InTanZ":[ 0.00 , 0.00 , 0.00 , 0.00 , 0.00 , 0.00 ],
					"OutTanX":[ 0.00 , 0.00 , 0.00 , 0.00 , 0.00 , 0.00 ],
					"OutTanY":[ 0.00 , 0.00 , 0.00 , 0.00 , 0.00 , 0.00 ],
					"OutTanZ":[ 0.00 , 0.00 , 0.00 , 0.00 , 0.00 , 0.00 ]
				}
,				 "Rotation": { 
					"Val": 0.00
					 }, 
				 "Opacity": { 
					"Val": 100.00
					 } 
	}
