	 {"LayName": "camerasunshine", "LayWidth": 100.000000, "LayHeight": 100.000000, "LayID": 27888, "ParentID": 0, "LayIn": 0.00, "LayDur": 5.50, "CompIn": 10.10, "CompDur": 5.50, "Normalization": false,
		"SourcePath": null,
		"Version": "121222968",
			 	"Marker": { 
				 }, 
				 "Scale": { 
					"Type":[ 0.00 , 0.00 , 0.00 , 0.00 ],
					"Time":[ 0.20 , 0.40 , 0.57 , 1.27 ],
					"X":[ 0.00 , 319.00 , 512.00 , 0.00 ],
					"Y":[ 0.00 , 319.00 , 512.00 , 0.00 ],
					"Z":[ 100.00 , 100.00 , 100.00 , 100.00 ],
					"InTanX":[ 0.00 , 0.00 , 0.00 , 0.00 ],
					"InTanY":[ 0.00 , 0.00 , 0.00 , 0.00 ],
					"InTanZ":[ 0.00 , 0.00 , 0.00 , 0.00 ],
					"OutTanX":[ 0.00 , 0.00 , 0.00 , 0.00 ],
					"OutTanY":[ 0.00 , 0.00 , 0.00 , 0.00 ],
					"OutTanZ":[ 0.00 , 0.00 , 0.00 , 0.00 ]
				}
,				 "Rotation": { 
					"Val": 0.00
					 }, 
				 "Opacity": { 
					"Val": 100.00
					 } 
	}
