	 {"LayName": "strobelight", "LayWidth": 0.312500, "LayHeight": 0.354167, "LayID": 17008, "ParentID": 0, "LayIn": 0.00, "LayDur": 1.33, "CompIn": 0, "CompDur": 1.33, "Normalization": true,
		"SourcePath": null,
		"Version": "040750913",
			 	"Marker": { 
				 }, 
				 "AnchorPoint": { 
					"X": 0.5, "Y": 0.5, "Z": 0.00
					 }, 
				 "Position": { 
					"Type":[ 0.00 , 0.00 , 0.00 , 0.00 ],
					"Time":[ 0.00 , 0.16 , 1.16, 1.33 ],
					"X":[ 0.0 , 0.0 , 0.0 , 0.0 ],
					"Y":[ 0.041, 0.029 , 0.029 , 0.041 ],
					"Z":[ 2.00 , 2.00 , 2.00 , 2.00 ],
					"InTanX":[ 0.00 , 0.00 , 0.00 , 0.00 , 0.00 , 0.00 ],
					"InTanY":[ 0.00 , 0.00 , 0.00 , 0.00 , 0.00 , 0.00 ],
					"InTanZ":[ 0.00 , 0.00 , 0.00 , 0.00 , 0.00 , 0.00 ],
					"OutTanX":[ 0.00 , 0.00 , 0.00 , 0.00 , 0.00 , 0.00 ],
					"OutTanY":[ 0.00 , 0.00 , 0.00 , 0.00 , 0.00 , 0.00 ],
					"OutTanZ":[ 0.00 , 0.00 , 0.00 , 0.00 , 0.00 , 0.00 ]
				}
,				 "Scale": { 
					"X": 100.00, "Y": 100.00, "Z": 100.00
					 }, 
				 "Rotation": { 
					"Val": 0.00
					 }, 
				 "Opacity": { 
					"Val": 100.00
					 } 
	}
