	 {"LayName": "PhotoFly", "LayWidth": 100.000000, "LayHeight": 100.000000, "LayID": 903, "ParentID": 0, "LayIn": 0.00, "LayDur": 2.13, "CompIn": 0.00, "CompDur": 2.13, "Normalization": false,
		"SourcePath": null,
		"Version": "120608740",
			 	"Marker": { 
				 }, 
				 "AnchorPoint": { 
					"X": 0.5, "Y": 0.5, "Z": 0.00
					 }, 
				 "Position": { 
					"Type":[ 12.00 , 12.00 , 12.00 , 12.00 , 12.00 , 12.00 , 12.00 , 12.00 , 12.00 , 12.00 , 12.00 , 12.00 , 12.00 , 12.00 , 12.00 , 12.00 , 12.00 , 12.00 , 12.00 , 12.00 , 12.00 , 12.00 , 12.00 , 12.00 , 12.00 , 12.00 , 12.00 , 12.00 , 12.00 , 12.00 , 12.00 , 12.00 , 12.00 , 12.00 , 12.00 , 12.00 , 12.00 , 12.00 , 12.00 , 12.00 , 12.00 , 12.00 , 12.00 , 12.00 , 12.00 , 12.00 , 12.00 , 12.00 , 12.00 , 12.00 , 12.00 , 12.00 , 12.00 , 12.00 , 12.00 , 12.00 , 12.00 , 12.00 , 12.00 , 12.00 , 12.00 ],
					"Time":[ 0.00 , 0.03 , 0.07 , 0.10 , 0.13 , 0.17 , 0.20 , 0.23 , 0.27 , 0.30 , 0.33 , 0.37 , 0.40 , 0.43 , 0.47 , 0.50 , 0.53 , 0.57 , 0.60 , 0.63 , 0.67 , 0.70 , 0.73 , 0.77 , 0.80 , 0.83 , 0.87 , 0.90 , 0.93 , 0.97 , 1.00 , 1.03 , 1.07 , 1.10 , 1.13 , 1.17 , 1.20 , 1.23 , 1.27 , 1.30 , 1.33 , 1.37 , 1.40 , 1.43 , 1.47 , 1.50 , 1.53 , 1.57 , 1.60 , 1.63 , 1.67 , 1.70 , 1.73 , 1.77 , 1.80 , 1.83 , 1.87 , 1.90 , 1.93 , 1.97 , 2.00 ],
					"X":[ 1.56 , 24.70 , 45.55 , 67.33 , 92.89 , 124.46 , 163.41 , 210.07 , 263.55 , 323.06 , 383.21 , 436.54 , 477.58 , 503.15 , 512.47 , 507.27 , 491.69 , 472.07 , 451.23 , 427.16 , 400.36 , 371.19 , 339.88 , 306.53 , 271.18 , 233.76 , 194.18 , 152.34 , 108.19 , 61.70 , 12.98 , -37.22 , -87.90 , -138.49 , -188.38 , -236.96 , -283.62 , -327.73 , -368.70 , -405.96 , -439.00 , -467.34 , -492.47 , -513.17 , -525.63 , -527.14 , -516.22 , -492.68 , -457.62 , -413.37 , -363.40 , -312.10 , -262.61 , -216.20 , -174.35 , -137.62 , -105.72 , -77.61 , -51.67 , -25.86 , 2.09 ],
					"Y":[ -0.57 , 11.68 , 24.08 , 37.16 , 51.25 , 66.40 , 82.32 , 98.37 , 113.53 , 127.59 , 139.68 , 147.97 , 151.37 , 149.57 , 143.03 , 132.92 , 121.07 , 109.85 , 99.50 , 88.54 , 77.11 , 65.29 , 53.13 , 40.65 , 27.83 , 14.68 , 1.16 , -12.73 , -26.99 , -41.57 , -56.40 , -71.21 , -85.71 , -99.71 , -113.02 , -125.47 , -136.88 , -147.08 , -155.92 , -163.26 , -168.99 , -173.00 , -175.28 , -175.08 , -171.53 , -164.17 , -152.93 , -138.13 , -120.49 , -101.03 , -81.06 , -62.06 , -45.69 , -32.63 , -22.79 , -15.80 , -11.07 , -7.85 , -5.24 , -2.31 , 1.88 ],
					"Z":[ -127.47 , -134.80 , -144.17 , -155.18 , -166.31 , -175.04 , -178.04 , -171.43 , -151.02 , -108.90 , -42.02 , 45.06 , 146.11 , 253.82 , 360.41 , 458.26 , 540.56 , 601.87 , 649.20 , 692.39 , 731.69 , 767.33 , 799.56 , 828.57 , 854.47 , 877.27 , 896.87 , 913.05 , 925.46 , 933.63 , 937.00 , 935.20 , 928.14 , 915.70 , 897.80 , 874.47 , 845.81 , 812.03 , 773.39 , 730.26 , 683.07 , 632.32 , 572.64 , 499.81 , 416.84 , 327.55 , 236.25 , 147.38 , 65.26 , -6.29 , -64.21 , -106.48 , -133.29 , -147.62 , -152.65 , -151.42 , -146.68 , -140.69 , -135.06 , -130.61 , -127.33 ],
					"InTanX":[ 0.00 , 0.00 , 0.00 , 0.00 , 0.00 , 0.00 , 0.00 , 0.00 , 0.00 , 0.00 , 0.00 , 0.00 , 0.00 , 0.00 , 0.00 , 0.00 , 0.00 , 0.00 , 0.00 , 0.00 , 0.00 , 0.00 , 0.00 , 0.00 , 0.00 , 0.00 , 0.00 , 0.00 , 0.00 , 0.00 , 0.00 , 0.00 , 0.00 , 0.00 , 0.00 , 0.00 , 0.00 , 0.00 , 0.00 , 0.00 , 0.00 , 0.00 , 0.00 , 0.00 , 0.00 , 0.00 , 0.00 , 0.00 , 0.00 , 0.00 , 0.00 , 0.00 , 0.00 , 0.00 , 0.00 , 0.00 , 0.00 , 0.00 , 0.00 , 0.00 , 0.00 ],
					"InTanY":[ 0.00 , 0.00 , 0.00 , 0.00 , 0.00 , 0.00 , 0.00 , 0.00 , 0.00 , 0.00 , 0.00 , 0.00 , 0.00 , 0.00 , 0.00 , 0.00 , 0.00 , 0.00 , 0.00 , 0.00 , 0.00 , 0.00 , 0.00 , 0.00 , 0.00 , 0.00 , 0.00 , 0.00 , 0.00 , 0.00 , 0.00 , 0.00 , 0.00 , 0.00 , 0.00 , 0.00 , 0.00 , 0.00 , 0.00 , 0.00 , 0.00 , 0.00 , 0.00 , 0.00 , 0.00 , 0.00 , 0.00 , 0.00 , 0.00 , 0.00 , 0.00 , 0.00 , 0.00 , 0.00 , 0.00 , 0.00 , 0.00 , 0.00 , 0.00 , 0.00 , 0.00 ],
					"InTanZ":[ 0.00 , 0.00 , 0.00 , 0.00 , 0.00 , 0.00 , 0.00 , 0.00 , 0.00 , 0.00 , 0.00 , 0.00 , 0.00 , 0.00 , 0.00 , 0.00 , 0.00 , 0.00 , 0.00 , 0.00 , 0.00 , 0.00 , 0.00 , 0.00 , 0.00 , 0.00 , 0.00 , 0.00 , 0.00 , 0.00 , 0.00 , 0.00 , 0.00 , 0.00 , 0.00 , 0.00 , 0.00 , 0.00 , 0.00 , 0.00 , 0.00 , 0.00 , 0.00 , 0.00 , 0.00 , 0.00 , 0.00 , 0.00 , 0.00 , 0.00 , 0.00 , 0.00 , 0.00 , 0.00 , 0.00 , 0.00 , 0.00 , 0.00 , 0.00 , 0.00 , 0.00 ],
					"OutTanX":[ 0.00 , 0.00 , 0.00 , 0.00 , 0.00 , 0.00 , 0.00 , 0.00 , 0.00 , 0.00 , 0.00 , 0.00 , 0.00 , 0.00 , 0.00 , 0.00 , 0.00 , 0.00 , 0.00 , 0.00 , 0.00 , 0.00 , 0.00 , 0.00 , 0.00 , 0.00 , 0.00 , 0.00 , 0.00 , 0.00 , 0.00 , 0.00 , 0.00 , 0.00 , 0.00 , 0.00 , 0.00 , 0.00 , 0.00 , 0.00 , 0.00 , 0.00 , 0.00 , 0.00 , 0.00 , 0.00 , 0.00 , 0.00 , 0.00 , 0.00 , 0.00 , 0.00 , 0.00 , 0.00 , 0.00 , 0.00 , 0.00 , 0.00 , 0.00 , 0.00 , 0.00 ],
					"OutTanY":[ 0.00 , 0.00 , 0.00 , 0.00 , 0.00 , 0.00 , 0.00 , 0.00 , 0.00 , 0.00 , 0.00 , 0.00 , 0.00 , 0.00 , 0.00 , 0.00 , 0.00 , 0.00 , 0.00 , 0.00 , 0.00 , 0.00 , 0.00 , 0.00 , 0.00 , 0.00 , 0.00 , 0.00 , 0.00 , 0.00 , 0.00 , 0.00 , 0.00 , 0.00 , 0.00 , 0.00 , 0.00 , 0.00 , 0.00 , 0.00 , 0.00 , 0.00 , 0.00 , 0.00 , 0.00 , 0.00 , 0.00 , 0.00 , 0.00 , 0.00 , 0.00 , 0.00 , 0.00 , 0.00 , 0.00 , 0.00 , 0.00 , 0.00 , 0.00 , 0.00 , 0.00 ],
					"OutTanZ":[ 0.00 , 0.00 , 0.00 , 0.00 , 0.00 , 0.00 , 0.00 , 0.00 , 0.00 , 0.00 , 0.00 , 0.00 , 0.00 , 0.00 , 0.00 , 0.00 , 0.00 , 0.00 , 0.00 , 0.00 , 0.00 , 0.00 , 0.00 , 0.00 , 0.00 , 0.00 , 0.00 , 0.00 , 0.00 , 0.00 , 0.00 , 0.00 , 0.00 , 0.00 , 0.00 , 0.00 , 0.00 , 0.00 , 0.00 , 0.00 , 0.00 , 0.00 , 0.00 , 0.00 , 0.00 , 0.00 , 0.00 , 0.00 , 0.00 , 0.00 , 0.00 , 0.00 , 0.00 , 0.00 , 0.00 , 0.00 , 0.00 , 0.00 , 0.00 , 0.00 , 0.00 ]
				}
,				 "Scale": { 
					"Type":[ 0.00 , 0.00 , 0.00 , 0.00 , 0.00 , 0.00 , 0.00 , 0.00 , 0.00 , 0.00 , 0.00 , 0.00 , 0.00 , 0.00 , 0.00 , 0.00 , 0.00 , 0.00 , 0.00 , 0.00 , 0.00 , 0.00 , 0.00 , 0.00 , 0.00 , 0.00 , 0.00 , 0.00 , 0.00 , 0.00 , 0.00 , 0.00 , 0.00 , 0.00 , 0.00 , 0.00 , 0.00 , 0.00 , 0.00 , 0.00 , 0.00 , 0.00 , 0.00 , 0.00 , 0.00 , 0.00 , 0.00 , 0.00 , 0.00 , 0.00 , 0.00 , 0.00 , 0.00 , 0.00 , 0.00 , 0.00 , 0.00 , 0.00 , 0.00 , 0.00 , 0.00 ],
					"Time":[ 0.00 , 0.03 , 0.07 , 0.10 , 0.13 , 0.17 , 0.20 , 0.23 , 0.27 , 0.30 , 0.33 , 0.37 , 0.40 , 0.43 , 0.47 , 0.50 , 0.53 , 0.57 , 0.60 , 0.63 , 0.67 , 0.70 , 0.73 , 0.77 , 0.80 , 0.83 , 0.87 , 0.90 , 0.93 , 0.97 , 1.00 , 1.03 , 1.07 , 1.10 , 1.13 , 1.17 , 1.20 , 1.23 , 1.27 , 1.30 , 1.33 , 1.37 , 1.40 , 1.43 , 1.47 , 1.50 , 1.53 , 1.57 , 1.60 , 1.63 , 1.67 , 1.70 , 1.73 , 1.77 , 1.80 , 1.83 , 1.87 , 1.90 , 1.93 , 1.97 , 2.00 ],
					"X":[ 40.00 , 42.60 , 49.40 , 59.00 , 70.00 , 81.00 , 90.60 , 97.40 , 100.00 , 99.90 , 99.70 , 99.40 , 99.00 , 98.60 , 98.00 , 97.40 , 96.70 , 96.00 , 95.20 , 94.50 , 93.80 , 93.00 , 92.30 , 91.60 , 91.00 , 90.40 , 90.00 , 89.60 , 89.30 , 89.10 , 89.00 , 89.10 , 89.30 , 89.60 , 90.00 , 90.60 , 91.20 , 91.90 , 92.60 , 93.30 , 94.10 , 94.90 , 95.70 , 96.40 , 97.10 , 97.80 , 98.40 , 99.00 , 99.40 , 99.70 , 99.90 , 100.00 , 97.90 , 92.40 , 84.40 , 75.00 , 65.00 , 55.60 , 47.60 , 42.10 , 40.00 ],
					"Y":[ 40.00 , 42.60 , 49.40 , 59.00 , 70.00 , 81.00 , 90.60 , 97.40 , 100.00 , 99.90 , 99.70 , 99.40 , 99.00 , 98.60 , 98.00 , 97.40 , 96.70 , 96.00 , 95.20 , 94.50 , 93.80 , 93.00 , 92.30 , 91.60 , 91.00 , 90.40 , 90.00 , 89.60 , 89.30 , 89.10 , 89.00 , 89.10 , 89.30 , 89.60 , 90.00 , 90.60 , 91.20 , 91.90 , 92.60 , 93.30 , 94.10 , 94.90 , 95.70 , 96.40 , 97.10 , 97.80 , 98.40 , 99.00 , 99.40 , 99.70 , 99.90 , 100.00 , 97.90 , 92.40 , 84.40 , 75.00 , 65.00 , 55.60 , 47.60 , 42.10 , 40.00 ],