	 {"LayName": "gallerylight", "LayWidth": 480.000000, "LayHeight": 480.000000, "LayID": 27940, "ParentID": 0, "LayIn": 0.00, "LayDur": 18.83, "CompIn": 0.00, "CompDur": 18.83, "Normalization": false,
		"SourcePath": "C:/DocumentsandSettings/mtk03593/Desktop/World_guide/3d_world_guide_01folder/(Footage)/makeguang2.jpg",
		"Version": "12135426",
			 	"Marker": { 
				 }, 
				 "AnchorPoint": { 
					"X": 0.50, "Y": 0.50, "Z": 0.00
					 }, 
				 "Position": { 
					"Type":[ 12.00 , 12.00 , 12.00 , 12.00 , 12.00 , 12.00 , 12.00 , 12.00 , 12.00 , 12.00 , 12.00 , 12.00 , 12.00 , 12.00 , 12.00 , 12.00 , 12.00 , 12.00 , 12.00 , 12.00 , 12.00 , 12.00 , 12.00 , 12.00 , 12.00 , 12.00 , 12.00 , 12.00 , 12.00 , 12.00 , 12.00 , 12.00 , 12.00 , 12.00 , 12.00 , 12.00 , 12.00 , 12.00 , 12.00 , 12.00 , 12.00 , 12.00 , 12.00 , 12.00 , 12.00 , 12.00 , 12.00 , 12.00 , 12.00 , 12.00 , 12.00 , 12.00 , 12.00 , 12.00 , 12.00 , 12.00 , 12.00 , 12.00 , 12.00 , 12.00 , 12.00 ],
					"Time":[ 0.80 , 0.85 , 0.90 , 0.96 , 1.01 , 1.06 , 1.11 , 1.17 , 1.22 , 1.27 , 1.32 , 1.37 , 1.43 , 1.48 , 1.53 , 1.58 , 1.64 , 1.69 , 1.74 , 1.79 , 1.84 , 1.90 , 1.95 , 2.00 , 2.05 , 2.11 , 2.16 , 2.21 , 2.26 , 2.31 , 2.37 , 2.42 , 2.47 , 2.52 , 2.58 , 2.63 , 2.68 , 2.73 , 2.78 , 2.84 , 2.89 , 2.94 , 2.99 , 3.05 , 3.10 , 3.15 , 3.20 , 3.25 , 3.31 , 3.36 , 3.41 , 3.46 , 3.52 , 3.57 , 3.62 , 3.67 , 3.72 , 3.78 , 3.83 , 3.88 , 3.93 ],
					"X":[ 22.69 , 45.83 , 66.68 , 88.46 , 114.02 , 145.59 , 184.54 , 231.20 , 284.68 , 344.19 , 404.34 , 457.67 , 498.71 , 524.28 , 533.60 , 528.40 , 512.82 , 493.20 , 472.36 , 448.29 , 421.49 , 392.32 , 361.01 , 327.66 , 292.31 , 254.89 , 215.31 , 173.47 , 129.32 , 82.83 , 34.11 , -16.09 , -66.77 , -117.36 , -167.25 , -215.83 , -262.49 , -306.60 , -347.57 , -384.83 , -417.87 , -446.21 , -471.34 , -492.04 , -504.50 , -506.01 , -495.09 , -471.55 , -436.49 , -392.24 , -342.27 , -290.97 , -241.48 , -195.07 , -153.22 , -116.49 , -84.59 , -56.48 , -30.54 , -4.73 , 23.22 ],
					"Y":[ 18.53 , 30.77 , 43.17 , 56.26 , 70.35 , 85.49 , 101.41 , 117.46 , 132.62 , 146.69 , 158.78 , 167.06 , 170.46 , 168.67 , 162.12 , 152.01 , 140.16 , 128.95 , 118.59 , 107.63 , 96.20 , 84.38 , 72.22 , 59.74 , 46.93 , 33.77 , 20.25 , 6.36 , -7.90 , -22.47 , -37.30 , -52.12 , -66.62 , -80.62 , -93.93 , -106.38 , -117.79 , -127.99 , -136.83 , -144.17 , -149.90 , -153.91 , -156.18 , -155.98 , -152.44 , -145.08 , -133.84 , -119.04 , -101.40 , -81.94 , -61.97 , -42.97 , -26.60 , -13.54 , -3.69 , 3.30 , 8.02 , 11.24 , 13.85 , 16.78 , 20.98 ],
					"Z":[ -396.62 , -403.94 , -413.31 , -424.32 , -435.45 , -444.18 , -447.19 , -440.57 , -420.16 , -378.04 , -311.16 , -224.08 , -123.03 , -15.32 , 91.27 , 189.12 , 271.41 , 332.72 , 380.06 , 423.25 , 462.54 , 498.19 , 530.42 , 559.43 , 585.33 , 608.13 , 627.73 , 643.91 , 656.32 , 664.49 , 667.86 , 666.06 , 659.00 , 646.56 , 628.66 , 605.33 , 576.67 , 542.89 , 504.25 , 461.12 , 413.93 , 363.18 , 303.50 , 230.66 , 147.70 , 58.41 , -32.89 , -121.76 , -203.88 , -275.43 , -333.35 , -375.62 , -402.43 , -416.77 , -421.79 , -420.56 , -415.82 , -409.84 , -404.20 , -399.76 , -396.47 ],
					"InTanX":[ 0.00 , 0.00 , 0.00 , 0.00 , 0.00 , 0.00 , 0.00 , 0.00 , 0.00 , 0.00 , 0.00 , 0.00 , 0.00 , 0.00 , 0.00 , 0.00 , 0.00 , 0.00 , 0.00 , 0.00 , 0.00 , 0.00 , 0.00 , 0.00 , 0.00 , 0.00 , 0.00 , 0.00 , 0.00 , 0.00 , 0.00 , 0.00 , 0.00 , 0.00 , 0.00 , 0.00 , 0.00 , 0.00 , 0.00 , 0.00 , 0.00 , 0.00 , 0.00 , 0.00 , 0.00 , 0.00 , 0.00 , 0.00 , 0.00 , 0.00 , 0.00 , 0.00 , 0.00 , 0.00 , 0.00 , 0.00 , 0.00 , 0.00 , 0.00 , 0.00 , 0.00 ],
					"InTanY":[ 0.00 , 0.00 , 0.00 , 0.00 , 0.00 , 0.00 , 0.00 , 0.00 , 0.00 , 0.00 , 0.00 , 0.00 , 0.00 , 0.00 , 0.00 , 0.00 , 0.00 , 0.00 , 0.00 , 0.00 , 0.00 , 0.00 , 0.00 , 0.00 , 0.00 , 0.00 , 0.00 , 0.00 , 0.00 , 0.00 , 0.00 , 0.00 , 0.00 , 0.00 , 0.00 , 0.00 , 0.00 , 0.00 , 0.00 , 0.00 , 0.00 , 0.00 , 0.00 , 0.00 , 0.00 , 0.00 , 0.00 , 0.00 , 0.00 , 0.00 , 0.00 , 0.00 , 0.00 , 0.00 , 0.00 , 0.00 , 0.00 , 0.00 , 0.00 , 0.00 , 0.00 ],
					"InTanZ":[ 0.00 , 0.00 , 0.00 , 0.00 , 0.00 , 0.00 , 0.00 , 0.00 , 0.00 , 0.00 , 0.00 , 0.00 , 0.00 , 0.00 , 0.00 , 0.00 , 0.00 , 0.00 , 0.00 , 0.00 , 0.00 , 0.00 , 0.00 , 0.00 , 0.00 , 0.00 , 0.00 , 0.00 , 0.00 , 0.00 , 0.00 , 0.00 , 0.00 , 0.00 , 0.00 , 0.00 , 0.00 , 0.00 , 0.00 , 0.00 , 0.00 , 0.00 , 0.00 , 0.00 , 0.00 , 0.00 , 0.00 , 0.00 , 0.00 , 0.00 , 0.00 , 0.00 , 0.00 , 0.00 , 0.00 , 0.00 , 0.00 , 0.00 , 0.00 , 0.00 , 0.00 ],
					"OutTanX":[ 0.00 , 0.00 , 0.00 , 0.00 , 0.00 , 0.00 , 0.00 , 0.00 , 0.00 , 0.00 , 0.00 , 0.00 , 0.00 , 0.00 , 0.00 , 0.00 , 0.00 , 0.00 , 0.00 , 0.00 , 0.00 , 0.00 , 0.00 , 0.00 , 0.00 , 0.00 , 0.00 , 0.00 , 0.00 , 0.00 , 0.00 , 0.00 , 0.00 , 0.00 , 0.00 , 0.00 , 0.00 , 0.00 , 0.00 , 0.00 , 0.00 , 0.00 , 0.00 , 0.00 , 0.00 , 0.00 , 0.00 , 0.00 , 0.00 , 0.00 , 0.00 , 0.00 , 0.00 , 0.00 , 0.00 , 0.00 , 0.00 , 0.00 , 0.00 , 0.00 , 0.00 ],
					"OutTanY":[ 0.00 , 0.00 , 0.00 , 0.00 , 0.00 , 0.00 , 0.00 , 0.00 , 0.00 , 0.00 , 0.00 , 0.00 , 0.00 , 0.00 , 0.00 , 0.00 , 0.00 , 0.00 , 0.00 , 0.00 , 0.00 , 0.00 , 0.00 , 0.00 , 0.00 , 0.00 , 0.00 , 0.00 , 0.00 , 0.00 , 0.00 , 0.00 , 0.00 , 0.00 , 0.00 , 0.00 , 0.00 , 0.00 , 0.00 , 0.00 , 0.00 , 0.00 , 0.00 , 0.00 , 0.00 , 0.00 , 0.00 , 0.00 , 0.00 , 0.00 , 0.00 , 0.00 , 0.00 , 0.00 , 0.00 , 0.00 , 0.00 , 0.00 , 0.00 , 0.00 , 0.00 ],
					"OutTanZ":[ 0.00 , 0.00 , 0.00 , 0.00 , 0.00 , 0.00 , 0.00 , 0.00 , 0.00 , 0.00 , 0.00 , 0.00 , 0.00 , 0.00 , 0.00 , 0.00 , 0.00 , 0.00 , 0.00 , 0.00 , 0.00 , 0.00 , 0.00 , 0.00 , 0.00 , 0.00 , 0.00 , 0.00 , 0.00 , 0.00 , 0.00 , 0.00 , 0.00 , 0.00 , 0.00 , 0.00 , 0.00 , 0.00 , 0.00 , 0.00 , 0.00 , 0.00 , 0.00 , 0.00 , 0.00 , 0.00 , 0.00 , 0.00 , 0.00 , 0.00 , 0.00 , 0.00 , 0.00 , 0.00 , 0.00 , 0.00 , 0.00 , 0.00 , 0.00 , 0.00 , 0.00 ]
					},
				"Scale": {
					"Type":[ 0.00 , 0.00, 0.00 ],
					"Time":[ 0.00 , 3.57 , 3.93],
					"X":[ 529.00 , 529.00 , 0],
					"Y":[ 529.00 , 529.00 , 0],
					"Z":[ 529.00 , 529.00 , 0],
					"InTanX":[ 0.00, 0.00 , 0.00],
					"InTanY":[ 0.00, 0.00 , 0.00],
					"InTanZ":[ 0.00, 0.00 , 0.00],
					"OutTanX":[ 0.00, 0.00 , 0.00],
					"OutTanY":[ 0.00, 0.00 , 0.00],
					"OutTanZ":[ 0.00, 0.00 , 0.00]
					},
				 "Orientation": { 
					"X": 0.00, "Y": 0.00, "Z": 0.00
					 }, 
				 "XRotation": { 
					"Val": 0.00
					 }, 
				 "YRotation": { 
					"Val": 0.00
					 }, 
				 "ZRotation": { 
					"Val": 0.00
					 }, 
				 "Opacity": { 
					"Type":[ 0.00 , 0.00 , 0.00 , 0.00 ],
					"Time":[ 0.80 , 1.07 , 3.57 , 3.93 ],
					"Val":[ 0.00 , 100.00 , 100.00 , 0.00 ],
					"InTanX":[ 0.00 , 0.00 , 0.00 , 0.00 ],
					"OutTanX":[ 0.00 , 0.00 , 0.00 , 0.00 ]
				}
	}