	 {"LayName": "downshizig", "LayWidth": 100.000000, "LayHeight": 100.000000, "LayID": 19274, "ParentID": 0, "LayIn": 0.00, "LayDur": 0.43, "CompIn": 5.03, "CompDur": 0.43, "Normalization": false,
		"SourcePath": null,
		"Version": "121136458",
			 	"Marker": { 
				 }, 
				 "AnchorPoint": { 
					"X": 0.5, "Y": 0.5, "Z": 0.00
					 },  
				 "Scale": { 
					"Type":[ 0.00 , 0.00 , 0.00 , 0.00 ],
					"Time":[ 0.33 , 0.43 , 0.57 , 0.68 ],
					"X":[ 0.00 , 150.00 , 150.00 , 0.00 ],
					"Y":[ 0.00 , 150.00 , 150.00 , 0.00 ],
					"Z":[ 100.00 , 100.00 , 100.00 , 100.00 ],
					"InTanX":[ 0.00 , 0.00 , 0.00 , 0.00 ],
					"InTanY":[ 0.00 , 0.00 , 0.00 , 0.00 ],
					"InTanZ":[ 0.00 , 0.00 , 0.00 , 0.00 ],
					"OutTanX":[ 0.00 , 0.00 , 0.00 , 0.00 ],
					"OutTanY":[ 0.00 , 0.00 , 0.00 , 0.00 ],
					"OutTanZ":[ 0.00 , 0.00 , 0.00 , 0.00 ]
				}
,				 "Rotation": { 
					"Val": 65.00
					 }, 
				 "Opacity": { 
					"Val": 100.00
					 } 
	}
