	 {"LayName": "photo2_ani", "LayWidth": 320.000000, "LayHeight": 214.000000, "LayID": 485, "ParentID": 0, "LayIn": 18.52, "LayDur": 0.87, "CompIn": 0.00, "CompDur": 0.87, "NumEffects": 1,
		"SourcePath": "//pc10110074/d$/AE_Project/LandscapeSweet_Slice/photos/photo_02.jpg",
				 "AnchorPoint": { 
					"X": 0.50, "Y": 0.50, "Z": -5.02
					 }, 
				 "Position": { 
					"Type":[ 4.00 , 4.00 ],
					"Time":[ 0.07 , 0.47 ],
					"X":[ 312.10 , 282.00 ],
					"Y":[ 184.00 , 410.90 ],
					"Z":[ -10.00 , -417.52 ],
					"InTanX":[ -4.56 , -1.82 ],
					"InTanY":[ -154.28 , 78.00 ],
					"InTanZ":[ 8.47 , 279.94 ],
					"OutTanX":[ 2.71 , 1.44 ],
					"OutTanY":[ 91.77 , -61.72 ],
					"OutTanZ":[ -5.04 , -221.52 ]
				}
,				 "Scale": { 
					"X": 83.80, "Y": 83.80, "Z": 83.80
					 }, 
				 "Orientation": { 
					"Type":[ 0.00 , 0.00 ],
					"Time":[ 0.07 , 0.47 ],
					"X":[ 0.00 , -100.00 ],
					"Y":[ 0.00 , 0.00 ],
					"Z":[ 350.00 , 360.00 ],
					"InTanX":[ 0.00 , 0.00 ],
					"InTanY":[ 0.00 , 0.00 ],
					"InTanZ":[ 0.00 , 0.00 ],
					"OutTanX":[ 0.00 , 0.00 ],
					"OutTanY":[ 0.00 , 0.00 ],
					"OutTanZ":[ 0.00 , 0.00 ]
				}
,				 "XRotation": { 
					"Val": 0.00
					 }, 
				 "YRotation": { 
					"Val": 0.00
					 }, 
				 "ZRotation": { 
					"Val": 0.00
					 }, 
				 "Opacity": { 
					"Val": 100.00
					 } 
	}
