	 {"LayName": "photo4_ani", "LayWidth": 320.000000, "LayHeight": 214.000000, "LayID": 412, "ParentID": 0, "LayIn": 12.28, "LayDur": 0.87, "CompIn": 0.00, "CompDur": 0.87, "NumEffects": 1,
		"SourcePath": "//pc10110074/d$/AE_Project/LandscapeSweet_Slice/photos/photo_04.jpg",
				 "AnchorPoint": { 
					"X": 0.50, "Y": 0.50, "Z": 0.00
					 }, 
				 "Position": { 
					"Type":[ 4.00 , 4.00 ],
					"Time":[ 0.40 , 0.83 ],
					"X":[ 648.00 , 868.00 ],
					"Y":[ 198.00 , 199.42 ],
					"Z":[ 0.00 , -199.27 ],
					"InTanX":[ 0.30 , 44.93 ],
					"InTanY":[ -0.11 , -1.08 ],
					"InTanZ":[ -80.45 , -0.38 ],
					"OutTanX":[ -0.01 , -188.67 ],
					"OutTanY":[ 0.00 , 4.51 ],
					"OutTanZ":[ 1.63 , 1.61 ]
				}
,				 "Scale": { 
					"X": 83.80, "Y": 83.80, "Z": 83.80
					 }, 
				 "Orientation": { 
					"Type":[ 0.00 , 0.00 ],
					"Time":[ 0.40 , 0.87 ],
					"X":[ 0.00 , 0.00 ],
					"Y":[ 0.00 , -90.00 ],
					"Z":[ 10.00 , 10.00 ],
					"InTanX":[ 0.00 , 0.00 ],
					"InTanY":[ 0.00 , 0.00 ],
					"InTanZ":[ 0.00 , 0.00 ],
					"OutTanX":[ 0.00 , 0.00 ],
					"OutTanY":[ 0.00 , 0.00 ],
					"OutTanZ":[ 0.00 , 0.00 ]
				}
,				 "XRotation": { 
					"Val": 0.00
					 }, 
				 "YRotation": { 
					"Val": 0.00
					 }, 
				 "ZRotation": { 
					"Val": 0.00
					 }, 
				 "Opacity": { 
					"Val": 100.00
					 } 
	}
