	 {"LayName": "photo3_ani", "LayWidth": 268.000000, "LayHeight": 179.000000, "LayID": 471, "ParentID": 0, "LayIn": 18.45, "LayDur": 0.50, "CompIn": 0.00, "CompDur": 0.50, "Normalization": 0,
		"SourcePath": "Z:/P2_LandscapeSweet_1124/photo_03_b.jpg",
		"Version": "170800891",
			 	"Marker": { 
				 }, 
				 "AnchorPoint": { 
					"X": 0.50, "Y": 0.50, "Z": -4.19
					 }, 
				 "Position": { 
					"Type":[ 4.00 , 4.00 ],
					"Time":[ 0.13 , 0.40 ],
					"X":[ 534.00 , 502.00 ],
					"Y":[ 400.92 , 308.00 ],
					"Z":[ -417.52 , -5.00 ],
					"InTanX":[ 3.35 , 6.65 ],
					"InTanY":[ -14.43 , 105.33 ],
					"InTanZ":[ -73.73 , -96.49 ],
					"OutTanX":[ -6.65 , -3.50 ],
					"OutTanY":[ 28.67 , -55.39 ],
					"OutTanZ":[ 146.49 , 50.74 ]
				}
,				 "Scale": { 
					"X": 100.00, "Y": 100.00, "Z": 100.00
					 }, 
				 "Orientation": { 
					"Type":[ 0.00 , 0.00 ],
					"Time":[ 0.13 , 0.40 ],
					"X":[ 260.00 , 360.00 ],
					"Y":[ 0.00 , 0.00 ],
					"Z":[ 0.00 , -5.00 ],
					"InTanX":[ 0.00 , 0.00 ],
					"InTanY":[ 0.00 , 0.00 ],
					"InTanZ":[ 0.00 , 0.00 ],
					"OutTanX":[ 0.00 , 0.00 ],
					"OutTanY":[ 0.00 , 0.00 ],
					"OutTanZ":[ 0.00 , 0.00 ]
				}
,				 "XRotation": { 
					"Val": 0.00
					 }, 
				 "YRotation": { 
					"Val": 0.00
					 }, 
				 "ZRotation": { 
					"Val": 0.00
					 }, 
				 "Opacity": { 
					"Val": 100.00
					 } 
	}
