	 {"LayName": "photo4_ani", "LayWidth": 0.335000, "LayHeight": 0.372917, "LayID": 355, "ParentID": 0, "LayIn": 12.38, "LayDur": 1.67, "CompIn": 0.00, "CompDur": 1.67, "Normalization": true,
		"SourcePath": "C:/Data/Projects/2010103DProjects/P2_LandscapeSweet_1124/photo_04_b.jpg",
		"Version": "120903833",
			 	"Marker": { 
				 }, 
				 "AnchorPoint": { 
					"X": 0.50, "Y": 0.50, "Z": 0.00
					 }, 
				 "Position": { 
					"Type":[ 4.000000 , 4.000000 ],
					"Time":[ 0.000000 , 0.300300 ],
					"X":[ 1.085000 , 0.820000 ],
					"Y":[ 0.415454 , 0.412500 ],
					"Z":[ -199.273654 , 0.000000 ],
					"InTanX":[ 0.056169 , 0.000370 ],
					"InTanY":[ -0.002240 , -0.000239 ],
					"InTanZ":[ -0.382264 , -80.453404 ],
					"OutTanX":[ -0.235833 , -0.000008 ],
					"OutTanY":[ 0.009406 , 0.000005 ],
					"OutTanZ":[ 1.605002 , 1.633840 ]
				}
,				 "Scale": { 
					"X": 100.00, "Y": 100.00, "Z": 100.00
					 }, 
				 "Orientation": { 
					"Type":[ 0.00 , 0.00 , 0.00 , 0.00 , 0.00 , 0.00 ],
					"Time":[ 0.00 , 0.30 , 0.53 , 0.80 , 1.07 , 1.33 ],
					"X":[ 0.00 , 0.00 , 0.00 , 0.00 , 0.00 , 0.00 ],
					"Y":[ 270.00 , 360.00 , 10.00 , 0.00 , 5.00 , 0.00 ],
					"Z":[ 10.00 , 10.00 , 10.00 , 10.00 , 10.00 , 10.00 ],
					"InTanX":[ 0.00 , 0.00 , 0.00 , 0.00 , 0.00 , 0.00 ],
					"InTanY":[ 0.00 , 0.00 , 0.00 , 0.00 , 0.00 , 0.00 ],
					"InTanZ":[ 0.00 , 0.00 , 0.00 , 0.00 , 0.00 , 0.00 ],
					"OutTanX":[ 0.00 , 0.00 , 0.00 , 0.00 , 0.00 , 0.00 ],
					"OutTanY":[ 0.00 , 0.00 , 0.00 , 0.00 , 0.00 , 0.00 ],
					"OutTanZ":[ 0.00 , 0.00 , 0.00 , 0.00 , 0.00 , 0.00 ]
				}
,				 "XRotation": { 
					"Val": 0.00
					 }, 
				 "YRotation": { 
					"Val": 0.00
					 }, 
				 "ZRotation": { 
					"Val": 0.00
					 }, 
				 "Opacity": { 
					"Val": 100.00
					 } 
	}
