	 {"LayName": "photo1_ani", "LayWidth": 0.335000, "LayHeight": 0.372917, "LayID": 358, "ParentID": 0, "LayIn": 11.58, "LayDur": 1.67, "CompIn": 0.00, "CompDur": 1.67, "Normalization": true,
		"SourcePath": "C:/Data/Projects/2010103DProjects/P2_LandscapeSweet_1124/photo_01_b.jpg",
		"Version": "120903833",
			 	"Marker": { 
				 }, 
				 "AnchorPoint": { 
					"X": 0.50, "Y": 0.50, "Z": 0.00
					 }, 
				 "Position": { 
					"Type":[ 4.000000 , 4.000000 ],
					"Time":[ 0.333667 , 0.667334 ],
					"X":[ 0.948942 , 0.182500 ],
					"Y":[ 0.701844 , 0.612500 ],
					"Z":[ -640.467527 , -15.000000 ],
					"InTanX":[ 0.183058 , 0.062128 ],
					"InTanY":[ -0.001368 , 0.022476 ],
					"InTanZ":[ 0.368935 , -1.998490 ],
					"OutTanX":[ -0.603046 , -0.010380 ],
					"OutTanY":[ 0.004505 , -0.003755 ],
					"OutTanZ":[ -1.215380 , 0.333891 ]
				}
,				 "Scale": { 
					"X": 100.00, "Y": 100.00, "Z": 100.00
					 }, 
				 "Orientation": { 
					"Type":[ 0.00 , 0.00 , 0.00 , 0.00 , 0.00 , 0.00 ],
					"Time":[ 0.33 , 0.67 , 0.90 , 1.17 , 1.43 , 1.67 ],
					"X":[ 0.00 , 0.00 , 0.00 , 0.00 , 0.00 , 0.00 ],
					"Y":[ 270.00 , 360.00 , 10.00 , 0.00 , 5.00 , 0.00 ],
					"Z":[ 10.00 , 10.00 , 10.00 , 10.00 , 10.00 , 10.00 ],
					"InTanX":[ 0.00 , 0.00 , 0.00 , 0.00 , 0.00 , 0.00 ],
					"InTanY":[ 0.00 , 0.00 , 0.00 , 0.00 , 0.00 , 0.00 ],
					"InTanZ":[ 0.00 , 0.00 , 0.00 , 0.00 , 0.00 , 0.00 ],
					"OutTanX":[ 0.00 , 0.00 , 0.00 , 0.00 , 0.00 , 0.00 ],
					"OutTanY":[ 0.00 , 0.00 , 0.00 , 0.00 , 0.00 , 0.00 ],
					"OutTanZ":[ 0.00 , 0.00 , 0.00 , 0.00 , 0.00 , 0.00 ]
				}
,				 "XRotation": { 
					"Val": 0.00
					 }, 
				 "YRotation": { 
					"Val": 0.00
					 }, 
				 "ZRotation": { 
					"Val": 0.00
					 }, 
				 "Opacity": { 
					"Val": 100.00
					 } 
	}
