	 {"LayName": "photo4_ani", "LayWidth": 320.000000, "LayHeight": 214.000000, "LayID": 487, "ParentID": 0, "LayIn": 18.52, "LayDur": 0.87, "CompIn": 0.00, "CompDur": 0.87, "NumEffects": 1,
		"SourcePath": "//pc10110074/d$/AE_Project/LandscapeSweet_Slice/photos/photo_04.jpg",
				 "AnchorPoint": { 
					"X": 0.50, "Y": 0.50, "Z": -5.01
					 }, 
				 "Position": { 
					"Type":[ 4.00 , 4.00 ],
					"Time":[ 0.27 , 0.67 ],
					"X":[ 648.20 , 736.30 ],
					"Y":[ 198.00 , 430.90 ],
					"Z":[ 0.00 , -417.52 ],
					"InTanX":[ 6.71 , 7.42 ],
					"InTanY":[ -125.55 , 76.51 ],
					"InTanZ":[ 2.47 , 217.42 ],
					"OutTanX":[ -10.92 , -5.95 ],
					"OutTanY":[ 204.30 , -61.36 ],
					"OutTanZ":[ -4.01 , -174.38 ]
				}
,				 "Scale": { 
					"X": 83.80, "Y": 83.80, "Z": 83.80
					 }, 
				 "Orientation": { 
					"Type":[ 0.00 , 0.00 ],
					"Time":[ 0.27 , 0.67 ],
					"X":[ 0.00 , -100.00 ],
					"Y":[ 0.00 , 0.00 ],
					"Z":[ 10.00 , 0.00 ],
					"InTanX":[ 0.00 , 0.00 ],
					"InTanY":[ 0.00 , 0.00 ],
					"InTanZ":[ 0.00 , 0.00 ],
					"OutTanX":[ 0.00 , 0.00 ],
					"OutTanY":[ 0.00 , 0.00 ],
					"OutTanZ":[ 0.00 , 0.00 ]
				}
,				 "XRotation": { 
					"Val": 0.00
					 }, 
				 "YRotation": { 
					"Val": 0.00
					 }, 
				 "ZRotation": { 
					"Val": 0.00
					 }, 
				 "Opacity": { 
					"Val": 100.00
					 } 
	}
