	 {"LayName": "photo2_ani", "LayWidth": 0.335000, "LayHeight": 0.372917, "LayID": 357, "ParentID": 0, "LayIn": 11.81, "LayDur": 1.67, "CompIn": 0.00, "CompDur": 1.67, "Normalization": true,
		"SourcePath": "C:/Data/Projects/2010103DProjects/P2_LandscapeSweet_1124/photo_02_b.jpg",
		"Version": "120903833",
			 	"Marker": { 
				 }, 
				 "AnchorPoint": { 
					"X": 0.50, "Y": 0.50, "Z": 0.00
					 }, 
				 "Position": { 
					"Type":[ 4.000000 , 4.000000 ],
					"Time":[ 0.166834 , 0.500501 ],
					"X":[ 1.160000 , 0.400000 ],
					"Y":[ 0.289334 , 0.383333 ],
					"Z":[ -463.202132 , -10.000000 ],
					"InTanX":[ 0.145272 , -0.005224 ],
					"InTanY":[ 0.003724 , 0.012749 ],
					"InTanZ":[ -4.376623 , -185.714187 ],
					"OutTanX":[ -0.592031 , 0.000028 ],
					"OutTanY":[ -0.015175 , -0.000068 ],
					"OutTanZ":[ 17.836157 , 0.992204 ]
				}
,				 "Scale": { 
					"X": 100.00, "Y": 100.00, "Z": 100.00
					 }, 
				 "Orientation": { 
					"Type":[ 0.00 , 0.00 , 0.00 , 0.00 , 0.00 , 0.00 ],
					"Time":[ 0.17 , 0.50 , 0.73 , 1.00 , 1.27 , 1.53 ],
					"X":[ 0.00 , 0.00 , 0.00 , 0.00 , 0.00 , 0.00 ],
					"Y":[ 270.00 , 360.00 , 10.00 , 0.00 , 5.00 , 0.00 ],
					"Z":[ 10.00 , -10.00 , 350.00 , 350.00 , 350.00 , 350.00 ],
					"InTanX":[ 0.00 , 0.00 , 0.00 , 0.00 , 0.00 , 0.00 ],
					"InTanY":[ 0.00 , 0.00 , 0.00 , 0.00 , 0.00 , 0.00 ],
					"InTanZ":[ 0.00 , 0.00 , 0.00 , 0.00 , 0.00 , 0.00 ],
					"OutTanX":[ 0.00 , 0.00 , 0.00 , 0.00 , 0.00 , 0.00 ],
					"OutTanY":[ 0.00 , 0.00 , 0.00 , 0.00 , 0.00 , 0.00 ],
					"OutTanZ":[ 0.00 , 0.00 , 0.00 , 0.00 , 0.00 , 0.00 ]
				}
,				 "XRotation": { 
					"Val": 0.00
					 }, 
				 "YRotation": { 
					"Val": 0.00
					 }, 
				 "ZRotation": { 
					"Val": 0.00
					 }, 
				 "Opacity": { 
					"Val": 100.00
					 } 
	}
