	 {"LayName": "photo3_ani", "LayWidth": 320.000000, "LayHeight": 214.000000, "LayID": 356, "ParentID": 0, "LayIn": 11.98, "LayDur": 10.24, "CompIn": 0.00, "CompDur": 10.24, "NumEffects": 1,
		"SourcePath": "//pc10110074/d$/AE_Project/LandscapeSweet_Slice/photos/photo_03.jpg",
				 "AnchorPoint": { 
					"X": 0.50, "Y": 0.50, "Z": 0.00
					 }, 
				 "Position": { 
					"Type":[ 4.00 , 4.00 , 4.00 ],
					"Time":[ 0.17 , 0.73 , 6.24 ],
					"X":[ 894.00 , 494.00 , 494.00 ],
					"Y":[ 283.02 , 308.00 , 308.00 ],
					"Z":[ -348.96 , -5.00 , -5.00 ],
					"InTanX":[ 76.38 , -1.58 , -0.00 ],
					"InTanY":[ -1.94 , -4.12 , 0.67 ],
					"InTanZ":[ -0.23 , -86.88 , -0.00 ],
					"OutTanX":[ -254.67 , 0.03 , 0.00 ],
					"OutTanY":[ 6.48 , 0.07 , -0.67 ],
					"OutTanZ":[ 0.77 , 1.38 , 0.00 ]
				}
,				 "Scale": { 
					"X": 83.80, "Y": 83.80, "Z": 83.80
					 }, 
				 "Orientation": { 
					"Type":[ 0.00 , 0.00 , 0.00 , 0.00 , 0.00 , 0.00 , 0.00 , 0.00 ],
					"Time":[ 0.17 , 0.73 , 0.97 , 1.23 , 1.50 , 1.77 , 6.24 , 10.01 ],
					"X":[ 0.00 , 0.00 , 0.00 , 0.00 , 0.00 , 0.00 , 0.00 , 0.00 ],
					"Y":[ 270.00 , 360.00 , 10.00 , 0.00 , 5.00 , 0.00 , 0.00 , 0.00 ],
					"Z":[ 10.00 , -5.00 , 355.00 , 355.00 , 355.00 , 355.00 , 365.00 , -5.00 ],
					"InTanX":[ 0.00 , 0.00 , 0.00 , 0.00 , 0.00 , 0.00 , 0.00 , 0.00 ],
					"InTanY":[ 0.00 , 0.00 , 0.00 , 0.00 , 0.00 , 0.00 , 0.00 , 0.00 ],
					"InTanZ":[ 0.00 , 0.00 , 0.00 , 0.00 , 0.00 , 0.00 , 0.00 , 0.00 ],
					"OutTanX":[ 0.00 , 0.00 , 0.00 , 0.00 , 0.00 , 0.00 , 0.00 , 0.00 ],
					"OutTanY":[ 0.00 , 0.00 , 0.00 , 0.00 , 0.00 , 0.00 , 0.00 , 0.00 ],
					"OutTanZ":[ 0.00 , 0.00 , 0.00 , 0.00 , 0.00 , 0.00 , 0.00 , 0.00 ]
				}
,				 "XRotation": { 
					"Val": 0.00
					 }, 
				 "YRotation": { 
					"Val": 0.00
					 }, 
				 "ZRotation": { 
					"Val": 0.00
					 }, 
				 "Opacity": { 
					"Val": 100.00
					 } 
	}
