	 {"LayName": "photo4_ani", "LayWidth": 268.000000, "LayHeight": 179.000000, "LayID": 448, "ParentID": 0, "LayIn": 18.49, "LayDur": 0.50, "CompIn": 0.00, "CompDur": 0.50, "Normalization": 0,
		"SourcePath": "Z:/P2_LandscapeSweet_1124/photo_04_b.jpg",
		"Version": "170800891",
			 	"Marker": { 
				 }, 
				 "AnchorPoint": { 
					"X": 0.50, "Y": 0.50, "Z": 0.00
					 }, 
				 "Position": { 
					"Type":[ 4.00 , 4.00 ],
					"Time":[ 0.20 , 0.43 ],
					"X":[ 656.00 , 648.00 ],
					"Y":[ 198.00 , 42.30 ],
					"Z":[ 0.00 , -488.00 ],
					"InTanX":[ -0.00 , -0.00 ],
					"InTanY":[ 0.33 , -3.05 ],
					"InTanZ":[ -0.00 , 353.00 ],
					"OutTanX":[ 0.00 , 0.00 ],
					"OutTanY":[ -0.33 , 0.22 ],
					"OutTanZ":[ 0.00 , -25.95 ]
				}
,				 "Scale": { 
					"X": 100.00, "Y": 100.00, "Z": 100.00
					 }, 
				 "Orientation": { 
					"Type":[ 0.00 , 0.00 ],
					"Time":[ 0.23 , 0.43 ],
					"X":[ 0.00 , 70.00 ],
					"Y":[ 0.00 , 0.00 ],
					"Z":[ 10.00 , 0.00 ],
					"InTanX":[ 0.00 , 0.00 ],
					"InTanY":[ 0.00 , 0.00 ],
					"InTanZ":[ 0.00 , 0.00 ],
					"OutTanX":[ 0.00 , 0.00 ],
					"OutTanY":[ 0.00 , 0.00 ],
					"OutTanZ":[ 0.00 , 0.00 ]
				}
,				 "XRotation": { 
					"Val": 0.00
					 }, 
				 "YRotation": { 
					"Val": 0.00
					 }, 
				 "ZRotation": { 
					"Val": 0.00
					 }, 
				 "Opacity": { 
					"Val": 100.00
					 } 
	}
