	 {"LayName": "photo3_ani", "LayWidth": 320.000000, "LayHeight": 214.000000, "LayID": 413, "ParentID": 0, "LayIn": 11.98, "LayDur": 0.87, "CompIn": 0.00, "CompDur": 0.87, "NumEffects": 1,
		"SourcePath": "//pc10110074/d$/AE_Project/LandscapeSweet_Slice/photos/photo_03.jpg",
				 "AnchorPoint": { 
					"X": 0.50, "Y": 0.50, "Z": 0.00
					 }, 
				 "Position": { 
					"Type":[ 4.00 , 4.00 ],
					"Time":[ 0.27 , 0.73 ],
					"X":[ 494.00 , 894.00 ],
					"Y":[ 308.00 , 283.02 ],
					"Z":[ -5.00 , -348.96 ],
					"InTanX":[ -1.58 , 76.38 ],
					"InTanY":[ -4.12 , -1.94 ],
					"InTanZ":[ -86.88 , -0.23 ],
					"OutTanX":[ 0.03 , -254.67 ],
					"OutTanY":[ 0.07 , 6.48 ],
					"OutTanZ":[ 1.38 , 0.77 ]
				}
,				 "Scale": { 
					"X": 83.80, "Y": 83.80, "Z": 83.80
					 }, 
				 "Orientation": { 
					"Type":[ 0.00 , 0.00 ],
					"Time":[ 0.27 , 0.77 ],
					"X":[ 0.00 , 0.00 ],
					"Y":[ 0.00 , -90.00 ],
					"Z":[ 355.00 , 370.00 ],
					"InTanX":[ 0.00 , 0.00 ],
					"InTanY":[ 0.00 , 0.00 ],
					"InTanZ":[ 0.00 , 0.00 ],
					"OutTanX":[ 0.00 , 0.00 ],
					"OutTanY":[ 0.00 , 0.00 ],
					"OutTanZ":[ 0.00 , 0.00 ]
				}
,				 "XRotation": { 
					"Val": 0.00
					 }, 
				 "YRotation": { 
					"Val": 0.00
					 }, 
				 "ZRotation": { 
					"Val": 0.00
					 }, 
				 "Opacity": { 
					"Val": 100.00
					 } 
	}
