	 {"LayName": "photo4_ani", "LayWidth": 268.000000, "LayHeight": 179.000000, "LayID": 472, "ParentID": 0, "LayIn": 18.45, "LayDur": 0.50, "CompIn": 0.00, "CompDur": 0.50, "Normalization": 0,
		"SourcePath": "Z:/P2_LandscapeSweet_1124/photo_04_b.jpg",
		"Version": "170800891",
			 	"Marker": { 
				 }, 
				 "AnchorPoint": { 
					"X": 0.50, "Y": 0.50, "Z": -4.19
					 }, 
				 "Position": { 
					"Type":[ 0.00 , 0.00 ],
					"Time":[ 0.07 , 0.33 ],
					"X":[ 736.30 , 656.00 ],
					"Y":[ 400.92 , 198.00 ],
					"Z":[ -417.52 , 0.00 ],
					"InTanX":[ 0.00 , 0.00 ],
					"InTanY":[ 0.00 , 0.00 ],
					"InTanZ":[ 0.00 , 0.00 ],
					"OutTanX":[ 0.00 , 0.00 ],
					"OutTanY":[ 0.00 , 0.00 ],
					"OutTanZ":[ 0.00 , 0.00 ]
				}
,				 "Scale": { 
					"X": 100.00, "Y": 100.00, "Z": 100.00
					 }, 
				 "Orientation": { 
					"Type":[ 0.00 , 0.00 ],
					"Time":[ 0.07 , 0.33 ],
					"X":[ 260.00 , 360.00 ],
					"Y":[ 0.00 , 0.00 ],
					"Z":[ 0.00 , 10.00 ],
					"InTanX":[ 0.00 , 0.00 ],
					"InTanY":[ 0.00 , 0.00 ],
					"InTanZ":[ 0.00 , 0.00 ],
					"OutTanX":[ 0.00 , 0.00 ],
					"OutTanY":[ 0.00 , 0.00 ],
					"OutTanZ":[ 0.00 , 0.00 ]
				}
,				 "XRotation": { 
					"Val": 0.00
					 }, 
				 "YRotation": { 
					"Val": 0.00
					 }, 
				 "ZRotation": { 
					"Val": 0.00
					 }, 
				 "Opacity": { 
					"Val": 100.00
					 } 
	}
