	 {"LayName": "photo1_ani", "LayWidth": 320.000000, "LayHeight": 214.000000, "LayID": 415, "ParentID": 0, "LayIn": 11.48, "LayDur": 0.87, "CompIn": 0.00, "CompDur": 0.87, "NumEffects": 1,
		"SourcePath": "//pc10110074/d$/AE_Project/LandscapeSweet_Slice/photos/photo_01.jpg",
				 "AnchorPoint": { 
					"X": 0.50, "Y": 0.50, "Z": 0.00
					 }, 
				 "Position": { 
					"Type":[ 4.00 , 4.00 ],
					"Time":[ 0.00 , 0.47 ],
					"X":[ 138.00 , 954.00 ],
					"Y":[ 294.00 , 384.33 ],
					"Z":[ -15.00 , -640.47 ],
					"InTanX":[ 4.41 , 146.45 ],
					"InTanY":[ 60.02 , -0.53 ],
					"InTanZ":[ -2.00 , 0.49 ],
					"OutTanX":[ -0.62 , -360.88 ],
					"OutTanY":[ -8.48 , 1.32 ],
					"OutTanZ":[ 0.28 , -1.22 ]
				}
,				 "Scale": { 
					"X": 83.80, "Y": 83.80, "Z": 83.80
					 }, 
				 "Orientation": { 
					"Type":[ 0.00 , 0.00 ],
					"Time":[ 0.00 , 0.50 ],
					"X":[ 0.00 , 0.00 ],
					"Y":[ 0.00 , -90.00 ],
					"Z":[ 10.00 , 10.00 ],
					"InTanX":[ 0.00 , 0.00 ],
					"InTanY":[ 0.00 , 0.00 ],
					"InTanZ":[ 0.00 , 0.00 ],
					"OutTanX":[ 0.00 , 0.00 ],
					"OutTanY":[ 0.00 , 0.00 ],
					"OutTanZ":[ 0.00 , 0.00 ]
				}
,				 "XRotation": { 
					"Val": 0.00
					 }, 
				 "YRotation": { 
					"Val": 0.00
					 }, 
				 "ZRotation": { 
					"Val": 0.00
					 }, 
				 "Opacity": { 
					"Val": 100.00
					 } 
	}
