	 {"LayName": "photo1_ani", "LayWidth": 320.000000, "LayHeight": 214.000000, "LayID": 358, "ParentID": 0, "LayIn": 11.48, "LayDur": 10.24, "CompIn": 0.00, "CompDur": 10.24, "NumEffects": 1,
		"SourcePath": "//pc10110074/d$/AE_Project/LandscapeSweet_Slice/photos/photo_01.jpg",
				 "AnchorPoint": { 
					"X": 0.50, "Y": 0.50, "Z": 0.00
					 }, 
				 "Position": { 
					"Type":[ 4.00 , 4.00 , 0.00 ],
					"Time":[ 0.67 , 1.23 , 6.24 ],
					"X":[ 954.00 , 138.00 , 138.00 ],
					"Y":[ 384.33 , 294.00 , 294.00 ],
					"Z":[ -640.47 , -15.00 , -15.00 ],
					"InTanX":[ 146.45 , 4.41 , 0.00 ],
					"InTanY":[ -0.53 , 60.02 , 0.00 ],
					"InTanZ":[ 0.49 , -2.00 , 0.00 ],
					"OutTanX":[ -360.88 , -0.62 , 0.00 ],
					"OutTanY":[ 1.32 , -8.48 , 0.00 ],
					"OutTanZ":[ -1.22 , 0.28 , 0.00 ]
				}
,				 "Scale": { 
					"X": 83.80, "Y": 83.80, "Z": 83.80
					 }, 
				 "Orientation": { 
					"Type":[ 0.00 , 0.00 , 0.00 , 0.00 , 0.00 , 0.00 , 0.00 , 0.00 ],
					"Time":[ 0.67 , 1.23 , 1.47 , 1.74 , 2.00 , 2.27 , 6.24 , 10.01 ],
					"X":[ 0.00 , 0.00 , 0.00 , 0.00 , 0.00 , 0.00 , 0.00 , 0.00 ],
					"Y":[ 270.00 , 360.00 , 10.00 , 0.00 , 5.00 , 0.00 , 0.00 , 0.00 ],
					"Z":[ 10.00 , 10.00 , 10.00 , 10.00 , 10.00 , 10.00 , 15.00 , 10.00 ],
					"InTanX":[ 0.00 , 0.00 , 0.00 , 0.00 , 0.00 , 0.00 , 0.00 , 0.00 ],
					"InTanY":[ 0.00 , 0.00 , 0.00 , 0.00 , 0.00 , 0.00 , 0.00 , 0.00 ],
					"InTanZ":[ 0.00 , 0.00 , 0.00 , 0.00 , 0.00 , 0.00 , 0.00 , 0.00 ],
					"OutTanX":[ 0.00 , 0.00 , 0.00 , 0.00 , 0.00 , 0.00 , 0.00 , 0.00 ],
					"OutTanY":[ 0.00 , 0.00 , 0.00 , 0.00 , 0.00 , 0.00 , 0.00 , 0.00 ],
					"OutTanZ":[ 0.00 , 0.00 , 0.00 , 0.00 , 0.00 , 0.00 , 0.00 , 0.00 ]
				}
,				 "XRotation": { 
					"Val": 0.00
					 }, 
				 "YRotation": { 
					"Val": 0.00
					 }, 
				 "ZRotation": { 
					"Val": 0.00
					 }, 
				 "Opacity": { 
					"Val": 100.00
					 } 
	}
