	 {"LayName": "photo2_ani", "LayWidth": 320.000000, "LayHeight": 214.000000, "LayID": 414, "ParentID": 0, "LayIn": 11.71, "LayDur": 0.87, "CompIn": 0.00, "CompDur": 0.87, "NumEffects": 1,
		"SourcePath": "//pc10110074/d$/AE_Project/LandscapeSweet_Slice/photos/photo_02.jpg",
				 "AnchorPoint": { 
					"X": 0.50, "Y": 0.50, "Z": 0.00
					 }, 
				 "Position": { 
					"Type":[ 4.00 , 4.00 ],
					"Time":[ 0.13 , 0.60 ],
					"X":[ 312.00 , 928.00 ],
					"Y":[ 184.00 , 138.88 ],
					"Z":[ -10.00 , -463.20 ],
					"InTanX":[ -4.18 , 116.22 ],
					"InTanY":[ 6.12 , 1.79 ],
					"InTanZ":[ -185.71 , -4.38 ],
					"OutTanX":[ 0.02 , -473.62 ],
					"OutTanY":[ -0.03 , -7.28 ],
					"OutTanZ":[ 0.99 , 17.84 ]
				}
,				 "Scale": { 
					"X": 83.80, "Y": 83.80, "Z": 83.80
					 }, 
				 "Orientation": { 
					"Type":[ 0.00 , 0.00 ],
					"Time":[ 0.13 , 0.63 ],
					"X":[ 0.00 , 0.00 ],
					"Y":[ 0.00 , -90.00 ],
					"Z":[ 350.00 , 370.00 ],
					"InTanX":[ 0.00 , 0.00 ],
					"InTanY":[ 0.00 , 0.00 ],
					"InTanZ":[ 0.00 , 0.00 ],
					"OutTanX":[ 0.00 , 0.00 ],
					"OutTanY":[ 0.00 , 0.00 ],
					"OutTanZ":[ 0.00 , 0.00 ]
				}
,				 "XRotation": { 
					"Val": 0.00
					 }, 
				 "YRotation": { 
					"Val": 0.00
					 }, 
				 "ZRotation": { 
					"Val": 0.00
					 }, 
				 "Opacity": { 
					"Val": 100.00
					 } 
	}
