	 {"LayName": "photo2_ani", "LayWidth": 320.000000, "LayHeight": 214.000000, "LayID": 357, "ParentID": 0, "LayIn": 11.71, "LayDur": 10.24, "CompIn": 0.00, "CompDur": 10.24, "NumEffects": 1,
		"SourcePath": "//pc10110074/d$/AE_Project/LandscapeSweet_Slice/photos/photo_02.jpg",
				 "AnchorPoint": { 
					"X": 0.50, "Y": 0.50, "Z": 0.00
					 }, 
				 "Position": { 
					"Type":[ 4.00 , 4.00 , 4.00 ],
					"Time":[ 0.43 , 1.00 , 6.24 ],
					"X":[ 928.00 , 312.00 , 312.00 ],
					"Y":[ 138.88 , 184.00 , 184.00 ],
					"Z":[ -463.20 , -10.00 , -10.00 ],
					"InTanX":[ 116.22 , -4.18 , -0.00 ],
					"InTanY":[ 1.79 , 6.12 , 0.33 ],
					"InTanZ":[ -4.38 , -185.71 , -0.00 ],
					"OutTanX":[ -473.62 , 0.02 , 0.00 ],
					"OutTanY":[ -7.28 , -0.03 , -0.33 ],
					"OutTanZ":[ 17.84 , 0.99 , 0.00 ]
				}
,				 "Scale": { 
					"X": 83.80, "Y": 83.80, "Z": 83.80
					 }, 
				 "Orientation": { 
					"Type":[ 0.00 , 0.00 , 0.00 , 0.00 , 0.00 , 0.00 , 0.00 , 0.00 ],
					"Time":[ 0.43 , 1.00 , 1.23 , 1.50 , 1.77 , 2.04 , 6.24 , 10.01 ],
					"X":[ 0.00 , 0.00 , 0.00 , 0.00 , 0.00 , 0.00 , 0.00 , 0.00 ],
					"Y":[ 270.00 , 360.00 , 10.00 , 0.00 , 5.00 , 0.00 , 0.00 , 0.00 ],
					"Z":[ 10.00 , -10.00 , 350.00 , 350.00 , 350.00 , 350.00 , 360.00 , -10.00 ],
					"InTanX":[ 0.00 , 0.00 , 0.00 , 0.00 , 0.00 , 0.00 , 0.00 , 0.00 ],
					"InTanY":[ 0.00 , 0.00 , 0.00 , 0.00 , 0.00 , 0.00 , 0.00 , 0.00 ],
					"InTanZ":[ 0.00 , 0.00 , 0.00 , 0.00 , 0.00 , 0.00 , 0.00 , 0.00 ],
					"OutTanX":[ 0.00 , 0.00 , 0.00 , 0.00 , 0.00 , 0.00 , 0.00 , 0.00 ],
					"OutTanY":[ 0.00 , 0.00 , 0.00 , 0.00 , 0.00 , 0.00 , 0.00 , 0.00 ],
					"OutTanZ":[ 0.00 , 0.00 , 0.00 , 0.00 , 0.00 , 0.00 , 0.00 , 0.00 ]
				}
,				 "XRotation": { 
					"Val": 0.00
					 }, 
				 "YRotation": { 
					"Val": 0.00
					 }, 
				 "ZRotation": { 
					"Val": 0.00
					 }, 
				 "Opacity": { 
					"Val": 100.00
					 } 
	}
