	 {"LayName": "photo3_ani", "LayWidth": 320.000000, "LayHeight": 214.000000, "LayID": 486, "ParentID": 0, "LayIn": 18.52, "LayDur": 0.87, "CompIn": 0.00, "CompDur": 0.87, "NumEffects": 1,
		"SourcePath": "//pc10110074/d$/AE_Project/LandscapeSweet_Slice/photos/photo_03.jpg",
				 "AnchorPoint": { 
					"X": 0.50, "Y": 0.50, "Z": -5.01
					 }, 
				 "Position": { 
					"Type":[ 4.00 , 4.00 ],
					"Time":[ 0.23 , 0.57 ],
					"X":[ 494.10 , 534.00 ],
					"Y":[ 308.00 , 420.90 ],
					"Z":[ -5.00 , -417.52 ],
					"InTanX":[ 5.83 , 3.35 ],
					"InTanY":[ -141.16 , 63.57 ],
					"InTanZ":[ 22.12 , 204.27 ],
					"OutTanX":[ -3.50 , -2.34 ],
					"OutTanY":[ 84.61 , -44.40 ],
					"OutTanZ":[ -13.26 , -142.65 ]
				}
,				 "Scale": { 
					"X": 83.80, "Y": 83.80, "Z": 83.80
					 }, 
				 "Orientation": { 
					"Type":[ 0.00 , 0.00 ],
					"Time":[ 0.23 , 0.57 ],
					"X":[ 0.00 , -100.00 ],
					"Y":[ 0.00 , 0.00 ],
					"Z":[ 355.00 , 360.00 ],
					"InTanX":[ 0.00 , 0.00 ],
					"InTanY":[ 0.00 , 0.00 ],
					"InTanZ":[ 0.00 , 0.00 ],
					"OutTanX":[ 0.00 , 0.00 ],
					"OutTanY":[ 0.00 , 0.00 ],
					"OutTanZ":[ 0.00 , 0.00 ]
				}
,				 "XRotation": { 
					"Val": 0.00
					 }, 
				 "YRotation": { 
					"Val": 0.00
					 }, 
				 "ZRotation": { 
					"Val": 0.00
					 }, 
				 "Opacity": { 
					"Val": 100.00
					 } 
	}
