	 {"LayName": "photo2_ani", "LayWidth": 268.000000, "LayHeight": 179.000000, "LayID": 470, "ParentID": 0, "LayIn": 18.45, "LayDur": 0.50, "CompIn": 0.00, "CompDur": 0.50, "Normalization": 0,
		"SourcePath": "Z:/P2_LandscapeSweet_1124/photo_02_b.jpg",
		"Version": "170800891",
			 	"Marker": { 
				 }, 
				 "AnchorPoint": { 
					"X": 0.50, "Y": 0.50, "Z": -4.20
					 }, 
				 "Position": { 
					"Type":[ 4.00 , 4.00 ],
					"Time":[ 0.20 , 0.47 ],
					"X":[ 282.00 , 320.00 ],
					"Y":[ 400.92 , 184.00 ],
					"Z":[ -417.52 , -10.00 ],
					"InTanX":[ -1.82 , -5.02 ],
					"InTanY":[ -16.00 , 152.00 ],
					"InTanZ":[ -82.06 , -27.66 ],
					"OutTanX":[ 5.02 , 2.71 ],
					"OutTanY":[ 44.00 , -82.23 ],
					"OutTanZ":[ 225.66 , 14.96 ]
				}
,				 "Scale": { 
					"X": 100.00, "Y": 100.00, "Z": 100.00
					 }, 
				 "Orientation": { 
					"Type":[ 0.00 , 0.00 ],
					"Time":[ 0.20 , 0.47 ],
					"X":[ 260.00 , 360.00 ],
					"Y":[ 0.00 , 0.00 ],
					"Z":[ 0.00 , -10.00 ],
					"InTanX":[ 0.00 , 0.00 ],
					"InTanY":[ 0.00 , 0.00 ],
					"InTanZ":[ 0.00 , 0.00 ],
					"OutTanX":[ 0.00 , 0.00 ],
					"OutTanY":[ 0.00 , 0.00 ],
					"OutTanZ":[ 0.00 , 0.00 ]
				}
,				 "XRotation": { 
					"Val": 0.00
					 }, 
				 "YRotation": { 
					"Val": 0.00
					 }, 
				 "ZRotation": { 
					"Val": 0.00
					 }, 
				 "Opacity": { 
					"Val": 100.00
					 } 
	}
