	 {"LayName": "photo4_ani", "LayWidth": 320.000000, "LayHeight": 214.000000, "LayID": 355, "ParentID": 0, "LayIn": 12.28, "LayDur": 10.24, "CompIn": 0.00, "CompDur": 10.24, "NumEffects": 1,
		"SourcePath": "//pc10110074/d$/AE_Project/LandscapeSweet_Slice/photos/photo_04.jpg",
				 "AnchorPoint": { 
					"X": 0.50, "Y": 0.50, "Z": 0.00
					 }, 
				 "Position": { 
					"Type":[ 4.00 , 4.00 , 4.00 ],
					"Time":[ 0.00 , 0.53 , 6.24 ],
					"X":[ 868.00 , 648.00 , 648.00 ],
					"Y":[ 199.42 , 198.00 , 198.00 ],
					"Z":[ -199.27 , 0.00 , 0.00 ],
					"InTanX":[ 44.93 , 0.30 , -0.00 ],
					"InTanY":[ -1.08 , -0.11 , 0.33 ],
					"InTanZ":[ -0.38 , -80.45 , -0.00 ],
					"OutTanX":[ -188.67 , -0.01 , 0.00 ],
					"OutTanY":[ 4.51 , 0.00 , -0.33 ],
					"OutTanZ":[ 1.61 , 1.63 , 0.00 ]
				}
,				 "Scale": { 
					"X": 83.80, "Y": 83.80, "Z": 83.80
					 }, 
				 "Orientation": { 
					"Type":[ 0.00 , 0.00 , 0.00 , 0.00 , 0.00 , 0.00 , 0.00 , 0.00 ],
					"Time":[ 0.00 , 0.53 , 0.77 , 1.03 , 1.30 , 1.57 , 6.24 , 10.01 ],
					"X":[ 0.00 , 0.00 , 0.00 , 0.00 , 0.00 , 0.00 , 0.00 , 0.00 ],
					"Y":[ 270.00 , 360.00 , 10.00 , 0.00 , 5.00 , 0.00 , 0.00 , 0.00 ],
					"Z":[ 10.00 , 10.00 , 10.00 , 10.00 , 10.00 , 10.00 , 5.00 , 10.00 ],
					"InTanX":[ 0.00 , 0.00 , 0.00 , 0.00 , 0.00 , 0.00 , 0.00 , 0.00 ],
					"InTanY":[ 0.00 , 0.00 , 0.00 , 0.00 , 0.00 , 0.00 , 0.00 , 0.00 ],
					"InTanZ":[ 0.00 , 0.00 , 0.00 , 0.00 , 0.00 , 0.00 , 0.00 , 0.00 ],
					"OutTanX":[ 0.00 , 0.00 , 0.00 , 0.00 , 0.00 , 0.00 , 0.00 , 0.00 ],
					"OutTanY":[ 0.00 , 0.00 , 0.00 , 0.00 , 0.00 , 0.00 , 0.00 , 0.00 ],
					"OutTanZ":[ 0.00 , 0.00 , 0.00 , 0.00 , 0.00 , 0.00 , 0.00 , 0.00 ]
				}
,				 "XRotation": { 
					"Val": 0.00
					 }, 
				 "YRotation": { 
					"Val": 0.00
					 }, 
				 "ZRotation": { 
					"Val": 0.00
					 }, 
				 "Opacity": { 
					"Val": 100.00
					 } 
	}
