	 {"LayName": "photo1_ani", "LayWidth": 268.000000, "LayHeight": 179.000000, "LayID": 469, "ParentID": 0, "LayIn": 18.45, "LayDur": 0.50, "CompIn": 0.00, "CompDur": 0.50, "Normalization": 0,
		"SourcePath": "Z:/P2_LandscapeSweet_1124/photo_01_b.jpg",
		"Version": "170800891",
			 	"Marker": { 
				 }, 
				 "AnchorPoint": { 
					"X": 0.50, "Y": 0.50, "Z": -4.19
					 }, 
				 "Position": { 
					"Type":[ 4.00 , 4.00 ],
					"Time":[ 0.30 , 0.50 ],
					"X":[ 108.00 , 146.00 ],
					"Y":[ 400.92 , 293.70 ],
					"Z":[ -417.52 , -15.00 ],
					"InTanX":[ -2.35 , -6.33 ],
					"InTanY":[ -14.21 , 105.72 ],
					"InTanZ":[ -73.06 , -18.82 ],
					"OutTanX":[ 6.33 , 4.38 ],
					"OutTanY":[ 38.28 , -73.19 ],
					"OutTanZ":[ 196.82 , 13.03 ]
				}
,				 "Scale": { 
					"X": 100.00, "Y": 100.00, "Z": 100.00
					 }, 
				 "Orientation": { 
					"Type":[ 0.00 , 0.00 ],
					"Time":[ 0.30 , 0.50 ],
					"X":[ 260.00 , 360.00 ],
					"Y":[ 0.00 , 0.00 ],
					"Z":[ 0.00 , 10.00 ],
					"InTanX":[ 0.00 , 0.00 ],
					"InTanY":[ 0.00 , 0.00 ],
					"InTanZ":[ 0.00 , 0.00 ],
					"OutTanX":[ 0.00 , 0.00 ],
					"OutTanY":[ 0.00 , 0.00 ],
					"OutTanZ":[ 0.00 , 0.00 ]
				}
,				 "XRotation": { 
					"Val": 0.00
					 }, 
				 "YRotation": { 
					"Val": 0.00
					 }, 
				 "ZRotation": { 
					"Val": 0.00
					 }, 
				 "Opacity": { 
					"Val": 100.00
					 } 
	}
