	 {"LayName": "photo2_ani", "LayWidth": 268.000000, "LayHeight": 179.000000, "LayID": 450, "ParentID": 0, "LayIn": 17.92, "LayDur": 0.50, "CompIn": 0.00, "CompDur": 0.50, "Normalization": 0,
		"SourcePath": "Z:/P2_LandscapeSweet_1124/photo_02_b.jpg",
		"Version": "170800891",
			 	"Marker": { 
				 }, 
				 "AnchorPoint": { 
					"X": 0.50, "Y": 0.50, "Z": 0.00
					 }, 
				 "Position": { 
					"Type":[ 4.00 , 4.00 ],
					"Time":[ 0.10 , 0.33 ],
					"X":[ 320.00 , 312.00 ],
					"Y":[ 184.00 , 42.30 ],
					"Z":[ -10.00 , -488.00 ],
					"InTanX":[ -0.00 , 0.00 ],
					"InTanY":[ 0.33 , 0.00 ],
					"InTanZ":[ -0.00 , 420.77 ],
					"OutTanX":[ 0.00 , -0.00 ],
					"OutTanY":[ -0.33 , -0.00 ],
					"OutTanZ":[ 0.00 , -52.77 ]
				}
,				 "Scale": { 
					"X": 100.00, "Y": 100.00, "Z": 100.00
					 }, 
				 "Orientation": { 
					"Type":[ 0.00 , 0.00 ],
					"Time":[ 0.10 , 0.33 ],
					"X":[ 0.00 , 70.00 ],
					"Y":[ 0.00 , 0.00 ],
					"Z":[ 350.00 , 360.00 ],
					"InTanX":[ 0.00 , 0.00 ],
					"InTanY":[ 0.00 , 0.00 ],
					"InTanZ":[ 0.00 , 0.00 ],
					"OutTanX":[ 0.00 , 0.00 ],
					"OutTanY":[ 0.00 , 0.00 ],
					"OutTanZ":[ 0.00 , 0.00 ]
				}
,				 "XRotation": { 
					"Val": 0.00
					 }, 
				 "YRotation": { 
					"Val": 0.00
					 }, 
				 "ZRotation": { 
					"Val": 0.00
					 }, 
				 "Opacity": { 
					"Val": 100.00
					 } 
	}
