	 {"LayName": "photo1_ani", "LayWidth": 268.000000, "LayHeight": 179.000000, "LayID": 451, "ParentID": 0, "LayIn": 17.68, "LayDur": 0.50, "CompIn": 0.00, "CompDur": 0.50, "Normalization": 0,
		"SourcePath": "Z:/P2_LandscapeSweet_1124/photo_01_b.jpg",
		"Version": "170800891",
			 	"Marker": { 
				 }, 
				 "AnchorPoint": { 
					"X": 0.50, "Y": 0.50, "Z": 0.00
					 }, 
				 "Position": { 
					"Type":[ 0.00 , 4.00 ],
					"Time":[ 0.00 , 0.23 ],
					"X":[ 146.00 , 185.56 ],
					"Y":[ 294.00 , 42.30 ],
					"Z":[ -15.00 , -488.00 ],
					"InTanX":[ 0.00 , -49.02 ],
					"InTanY":[ 0.00 , 5.80 ],
					"InTanZ":[ 0.00 , 388.00 ],
					"OutTanX":[ 0.00 , 2.22 ],
					"OutTanY":[ 0.00 , -0.26 ],
					"OutTanZ":[ 0.00 , -17.57 ]
				}
,				 "Scale": { 
					"X": 100.00, "Y": 100.00, "Z": 100.00
					 }, 
				 "Orientation": { 
					"Type":[ 0.00 , 0.00 ],
					"Time":[ 0.00 , 0.23 ],
					"X":[ 0.00 , 70.00 ],
					"Y":[ 0.00 , 0.00 ],
					"Z":[ 10.00 , 0.00 ],
					"InTanX":[ 0.00 , 0.00 ],
					"InTanY":[ 0.00 , 0.00 ],
					"InTanZ":[ 0.00 , 0.00 ],
					"OutTanX":[ 0.00 , 0.00 ],
					"OutTanY":[ 0.00 , 0.00 ],
					"OutTanZ":[ 0.00 , 0.00 ]
				}
,				 "XRotation": { 
					"Val": 0.00
					 }, 
				 "YRotation": { 
					"Val": 0.00
					 }, 
				 "ZRotation": { 
					"Val": 0.00
					 }, 
				 "Opacity": { 
					"Val": 100.00
					 } 
	}
